{"cameraMode":{"drawMode":0,"name":"Shaded","section":"Shading Mode"},"sceneLighting":false,"audioPlay":false,"sceneViewState":{"m_AlwaysRefresh":false,"showFog":true,"showSkybox":false,"showFlares":true,"showImageEffects":true,"showParticleSystems":true,"showVisualEffectGraphs":true,"m_FxEnabled":true},"in2DMode":false,"pivot":{"x":22.545289993286134,"y":-4.190814018249512,"z":-12.999102592468262},"rotation":{"x":0.0032063929829746486,"y":0.9909612536430359,"z":-0.024094251915812494,"w":0.13187433779239655},"size":14.991069793701172,"orthographic":false}